0.420701739498773,1.13024901092132
0.89568793015933,-0.255193361768783
-0.699263163615223,0.872316263579864
-1.26252522981308,-0.741535998314068
1.02109048708217,0.19127480265776
0.761175450254136,0.368957938597024
-0.585260774698104,-1.08724316432303
0.8940673165117,-0.121618717501511
0.333227412706431,-0.755496150726566
1.51588073835299,0.81885768681236
0.448760425308778,-0.605715289973388
-0.547061454354059,-1.63566797876775
1.07357719410703,-0.414241397753368
-1.24236996842386,-0.019793040668833
0.605112547279702,-1.89157612292199
-1.69441231607149,-0.0717078835016071
0.342396225803819,-0.886580295127473
-0.545298970047272,0.0712472634685823
-1.54445295639429,-1.42303750933012
-1.32214391291254,-0.463616610283134
2.07392790524079,-0.055553890038776
0.204777095766422,-0.307270389800686
1.89895136488687,0.971974711032588
-0.326222681740831,1.54692597342782
0.0667809594850102,1.12403017104738
1.10422323028282,1.58638123303162
-1.14871311395317,-0.283165133667589
-0.372355951595898,-0.0854132071827541
-1.55089658595286,1.99007664760445
-1.50443854353656,-0.000702546180263275
-0.439203771812374,0.649344132049738
1.04811797164404,-0.0993862007336834
0.180098171460567,-0.977385893308252
-0.301781275886155,-0.531453227459166
-0.614707755392615,2.53916439896064
-0.150415095724993,0.0180969586270641
-0.556770647310748,-1.59849327087982
-0.161245428780513,1.52923848147959
0.643283508051649,0.516663356786241
0.0285003751781255,-0.305147592972795
0.825085503984713,-1.69289587441498
-0.482302813649646,-1.72682526118588
-1.428072939211,-1.73076285299504
0.264053766569568,1.24817483439177
0.607661824645314,-0.0630162204566776
-0.143455893150367,-1.91985154348389
-1.71151479243514,-0.0315657215288803
1.30428960068644,1.24791786539934
-0.366419340422567,1.86523153814188
-0.665498085667844,-0.911511078159339
-0.837453161533645,0.896048166064422
-1.31822512217132,1.18098608835785
-1.01846157624175,0.533657834017916
0.146875323501697,1.19821785175656
-0.565182579620493,0.467354964420386
0.372000558917259,-0.511906741631252
1.66749879900651,0.405714512666542
0.0863053205471773,0.75289053920423
0.348529632872004,1.16047456757626
0.315305179198304,-0.701203976922714
-0.149953460331005,-2.45229199668979
0.346290916892767,-0.448342507728147
-2.24127382274632,1.13102025059663
1.85399194474132,-1.27646969427203
0.0556818554904135,1.11014015812267
-1.7394654839542,-0.180809932866792
-0.850974918125289,-0.705694239042344
0.346571604498304,-0.507231282045291
1.50589298698103,-0.41190718775731
0.730952611627126,-1.56347856839434
-0.1372517357613,0.0906272073684342
-0.879520597106761,-0.677969460146677
1.20868607792239,-0.683259077968946
-1.41552024911881,1.25201549555882
0.0567124273322744,1.10118408041263
0.116467882797558,-0.461210177047564
-0.711659026709337,0.827312402937658
0.983112847630532,0.0617705009714101
-0.13770311464079,-0.284604011736979
1.31684805257093,-0.731667577733731
-0.96253649565434,-1.01829610538927
-0.871939229040658,0.88571706385082
0.72881657968174,-1.70219459801918
2.16220487795851,0.185291963120111
-0.219304310821689,-0.223509944199844
1.45243258189632,0.792085250934515
1.63101077356336,2.36745492544089
-0.628818597148387,0.70913317457238
-0.209262760814305,-1.69532746532626
-0.618224014138649,0.222015511441261
0.200904298863833,-0.723277673282231
-1.23491297387314,-0.200241635647145
-1.55550028195879,-0.500327220737835
1.33339320136139,-0.267917515222069
0.322813561753756,0.525335603361016
-1.89904304656702,0.238797721798538
-1.13274816081781,1.32998497044671
0.275840104549669,-0.93021463522947
-0.0924672117958551,0.181897766060293
1.74708396553723,0.643527158587757
-0.386827348873158,0.0827301008231624
0.406586808978543,0.373137091083173
-0.467950188600562,-0.0153991082314206
-1.04514383787643,-1.11005557296764
2.46222719978099,-0.632324379627632
1.45478530822266,0.955962752486394
0.920708069554055,-0.252924691116651
1.72937995889141,0.432185166174546
0.937519777089555,-0.270173038814588
-0.730794745064436,0.735426381399171
0.666512241962897,0.645501414858806
0.583130992429394,-1.6681842870111
-0.700658948897946,0.244530024736638
-0.119719241654536,1.45545639644113
2.40717788913646,-0.0424154887356643
0.584084985636741,-1.34511469295909
1.57409647010825,0.80466424055371
1.02282130309917,-1.7948920962658
-0.670684860402009,-1.68184604957982
1.81511442629105,-1.35418662729285
0.70942762093712,-0.0584669807402487
0.278965794207372,0.618826082036249
1.5968740198709,1.17160278554846
0.035045794457666,-0.37937181650756
0.931939280476987,0.427331413411654
-0.625065648373516,-0.0222510156903567
0.806616030789603,-1.24424271740551
-0.0190723321970227,-0.777774261455556
0.506764869039961,0.278248232699457
0.384064112199201,-0.978448250032715
-2.81152096578959,2.24178667880618
1.26074672244251,1.50200434456777
0.0409355631789065,-0.342707114312705
-1.21269897518451,-0.919934054184617
1.42174805756858,-0.495758186618903
0.174095480378398,1.38794184378392
-1.40545071964542,-1.74368203742572
-1.16468796909994,-0.0931669521392678
1.12778924274043,1.49875790630853
2.10625102049084,-1.52137165943397
-0.625383799757247,0.643849731497446
0.188101619251473,-0.248266809476387
-1.05143488662346,-1.1776257278617
-0.804453709253355,0.474627639046834
-0.48970305330056,-0.271141851105864
-0.414274320347738,-0.00423241758968536
-0.116243680437904,0.187058444655867
-1.0415707928791,0.917283899379059
1.19420347377965,-2.40336378047085
1.73753837741442,-0.734412627976279
1.12911252765981,-0.370294250903658
0.576276371539822,-1.12851675728132
-1.20400134241412,1.05013244890706
-0.730067338018807,-0.901726354904509
0.35143803553981,-2.64465819474089
-2.69915651803655,2.20817139693861
-0.1669498163709,-0.530476335004328
-0.190190016227179,0.372071936470333
-0.342792318177321,-1.64406681478526
0.327861880660815,-0.640823120987615
1.79931203501656,0.305546173140906
0.0171958763117345,-0.917582109204163
0.165621780556958,-0.843998230282233
0.579232759382505,0.264292807018223
1.71915081452958,-1.13489881408514
-0.646206530569032,0.340791541119569
-0.19973691435178,-0.0862062741745638
2.2627818378105,-0.578851225874028
-0.491399097587256,0.296436008021478
1.57459601105537,0.806085818128661
-0.802030390703008,0.723082419131568
0.557401399616503,1.99298698736735
-0.783822831102636,-0.858289933129837
-2.50588881892263,1.64468838841005
0.759667232504578,0.302882639567619
1.31527942094809,-0.176993175487355
-2.3328873032096,-0.69945262943817
0.443005051280404,-1.05954948265698
0.816553591612787,0.36901827806171
0.164478704832946,-0.75615435103278
-0.672726755740593,2.08873787016769
0.188551907331331,1.34414635992004
-0.946107292468943,0.863957196671164
-0.0235012453966255,-0.00114460259572098
-0.0773604669463608,-0.789167200669487
1.30182343515264,1.79272223006456
0.347461622030489,-0.975993656664195
1.65143430062073,0.750122434066772
1.02595749857322,-2.28892105936805
1.99079995038745,0.823795720502493
0.595364696096622,-1.37817011180079
-1.04785654424115,-0.372873753528166
1.66839915318551,1.01067032708855
0.588588850306679,-0.891990277605843
0.241972262575156,-2.53665436224956
1.9416247378556,0.428454842682261
-1.16628458780278,-0.614188163915047
-1.75325157512395,0.0756488868566612
0.752061500639245,0.24891330876071
0.875405282297849,0.134793445860175
-0.397021162502292,-0.177243620893996
-0.394203666142345,-0.147713852911765
0.150420514928291,-1.1079383561575
1.11229330238517,-0.496766327552169
0.61655778329925,0.330824397148716
-1.52312189132168,-0.0238490578267446
-1.45709457841229,0.193085651166151
-0.395505676232117,-1.43882143080251
2.81875099389842,0.807301422738744
-1.11729891248115,-1.04366586399068
0.7208030806879,0.0862228281375895
-0.557203681144067,0.301345239769671
-0.988403200516755,0.91651203628548
0.48946467544349,-1.23224300603293
0.393330148318117,-1.08329796731449
-0.0730754860458747,0.0661580495674651
-0.386611805387993,0.152758039891184
0.710417549092073,0.275023214695607
0.99593059704262,-2.08559221079885
0.0738666206159161,-0.949059454456747
1.28672390394983,-0.539528401016053
-1.52549988603823,0.314190084409644
0.111679659284742,0.814084756079877
-0.655382137376996,-1.22706716136532
1.98565769457056,0.720192936384333
0.231178886385311,-0.852105847383648
-0.920912575026556,1.48518157153901
-0.513480869057964,-0.00340501541806321
1.68025437107866,0.296423301482989
1.00595784967958,0.132053476569445
-0.843521850320142,-1.24421136487383
1.61248702652216,0.640923258004918
0.103706269949896,-1.01429288059108
-0.657007891804627,-1.26340107221908
0.568634462029419,0.203060910272407
-1.00294959127451,-0.603216825820863
1.59864408608903,0.634461009037666
0.097492820824414,-0.321808939775533
0.759174255234866,0.0037061240535502
-0.310317295213261,-1.85427275010788
-0.864103302641431,-0.971465540564462
0.205664646859577,-0.972705818622337
-0.242216096712188,1.49736482976629
0.298715289922681,0.705082390429125
-0.734430996095519,-0.927669394647344
1.1784361339541,1.45117265325484
0.560148893369648,0.989138999435995
1.2751833383063,1.78733291245388
2.37138529769237,1.39057558084103
0.39108097225528,-1.50224022398715
0.145177344021689,-0.268878800519031
-0.864164732200888,0.382293908699201
-0.892671972229913,-2.65143420662732
0.439144429100476,-1.50103316015136
-1.75091019098276,-0.135914174991058
0.439099820685997,-0.835860130103616
-0.534442958412569,1.97567047292361
-0.247401636975383,1.83676572507626
-0.652486021026526,-1.52475930937605
0.236821838466262,-0.98483025759726
-0.171620613367527,-0.584865766859424
-0.00174592185202666,-0.533941639112031
0.84766662114875,-0.190635127992932
-0.816936810374752,-1.32275313990464
1.05938038649064,1.62858432689495
0.397627568713504,1.11109883781613
1.15126932893193,1.28568306723126
1.67408618744681,-1.10289191994691
1.09752931013058,-0.395460575263384
1.36280403544754,-1.16165496284593
0.916999511486918,-1.81166864272836
0.0722841801232688,-2.94343883722377
-1.01818755906049,0.668438175308215
0.338068286961058,-0.676146275015921
-0.0947515374860781,-0.0540056387119956
-0.0312966077626212,-0.263929436695788
-0.599797320884194,-1.13086514090484
0.625924207764319,0.809042059653721
-0.530071829537396,0.157614638352679
0.352859125838047,-0.767697018637355
-0.802893007980428,-0.827122697094619
0.756740730007407,-1.16218035371929
1.05243899919942,-2.37694489760282
-0.800985662183749,-1.15782721179996
1.78095052504552,-1.06258122803947
0.458935813663208,0.535803308920575
-1.00790495173618,1.51425553276424
0.802169746112022,0.221759908667315
-1.42245420451991,-1.88514891191015
-0.359472012610724,2.22764873993055
-0.154615982501355,1.57674884774774
-0.0610311905546461,1.59372195763166
-1.55662012215564,-0.00986429797033822
0.672271349541276,2.28282998697983
-1.68693868878107,-0.157548748420785
0.783943589325856,0.218492849631556
0.860806002778165,-0.294036146303526
0.65748194949518,0.261478393301963
0.830885191979381,-0.207210356452115
-0.537234632096312,0.590838716152379
1.81139913423235,0.648660764900766
-1.73432083070608,-0.123392112611145
1.29058369107913,-0.398908462748195
-0.499202238565111,0.155486264157874
0.487224725441835,0.820122687241787
-0.191477997860164,-0.163751916960491
-1.38541261415027,-0.448971621440689
0.454676786387991,0.746299935460865
1.16375844546397,-0.494464734542473
0.0337643904222447,0.833350946996648
0.670515988361077,-1.69615290586143
-0.0274236177462642,-0.00935032391549706
0.165857056943337,1.51953051720972
1.08696202368722,-0.105532905902295
0.974232834374392,0.463270525484963
-0.37484993941084,0.406448827358332
-0.0310984922802789,1.83518211560102
0.152253010243164,-0.427917994758866
-0.245724027832116,1.94320520475639
-0.987028733772267,0.581335307733907
1.73531565140136,-0.701580763046955
0.944565720717341,-0.340599687690253
0.388244100645857,0.344055452324301
0.558980355910951,0.424615267021986
1.30838980525578,-0.612396840786984
0.389492893290896,-1.57214004289645
0.496241328804188,-1.47502772898538
-0.0460589722739218,-0.568526937402943
0.401573947509164,-1.35784397260169
0.622803651971719,0.0135829633231543
1.48902709167816,1.44571539359407
-0.0526093277120847,0.975669552993397
-1.84202118719747,-1.45509745577145
0.694112308101882,0.289122805633657
0.472888945988276,0.36041884452775
-0.685379147633377,0.026830709254773
0.120912171950778,1.35157966498458
0.736821434524936,0.0822200508616613
0.137718794257567,-0.279630985061072
-0.283727625552247,-0.225562833161198
-0.0799747528525885,-0.635885527746015
0.69649213858665,-1.18739131205613
2.68863298419467,-1.27861362984493
-0.17384729309628,-0.581804889633229
1.91986634359267,0.660527367189191
0.438148567669849,0.966945120221246
0.324997342688307,-0.82232620129165
-0.357638393584771,0.0970748015414582
-0.202478626518057,-0.635356138882845
1.32684289270717,1.19452337293194
0.567382332411685,0.467975285955148
0.24240703300374,-0.47506416819955
0.691173345872904,0.0880373287339785
-1.42647969465867,0.313595065440272
-0.0523693634248456,-0.202257380550794
-0.403987454503022,0.664772587616773
1.68625513948678,-0.641264963444086
0.890741519831261,0.0377141356928058
-0.164596347007773,-0.0698908180590202
-0.329072326008163,-0.137670044466235
0.70366915525161,-1.44048726477551
1.45532223004936,1.47683087728197
-0.0981358064355562,-0.36852791938122
-1.98263948326708,-1.02722386749491
0.0496822207595109,-0.805793978151192
-0.430608676135492,0.232841943732491
0.753332874126681,0.33622395053647
0.109920676988586,3.05376110179618
0.140024284832085,0.829907464199546
-0.347775475759848,0.411944619280157
-1.55215440435937,-2.18441723870396
-0.147449959045215,-0.43335674881069
-0.563815121368191,0.35927836795347
-0.181144730953774,0.205318065336386
0.306379558290467,-1.21159782169692
1.26481799683116,-2.5671589637083
-1.02885979538281,-0.941881421908393
2.5301015403669,-0.390340842726036
1.60825293939101,0.571851211958327
-0.281056316792389,-0.518952698337165
-0.153701750635657,-1.81219638285783
0.0870951780770208,-0.376794095578784
0.0102181802318921,-0.688231529380815
0.145072489690243,-1.22740450423813
0.346528526384816,-0.92138080784013
-0.302650707039229,-0.0760430060258487
0.282546698951491,1.24456571936827
1.31172749485736,-0.581847685931031
-1.26901345024126,-0.517781841320363
-0.903005794556452,0.745669909604467
0.318514302892745,-1.02937975267741
0.820856611010194,-2.1352078782185
1.22943740180319,1.72444362445022
-0.0816147691734309,1.24839825000099
-1.46022833127847,-0.169429058634427
0.537162080529223,2.09898949931225
-1.05780723763387,-0.562200010412223
-0.153465419197093,1.16700172710979
0.436763465160179,-1.60225511856463
0.245627105984828,-0.713546267550727
-0.118463697583779,1.0603695888446
0.926197078677736,1.64250581196784
-0.128887856729123,0.252135645237329
0.152816434534043,-2.2651071105014
0.425237272357311,-0.577161701167117
-0.0139864091543021,1.00869485738924
-1.59438875287619,-0.101890399068462
-0.723491217696983,0.148671999170931
-0.42410379160198,-1.2412952255543
1.27641865587666,-0.442394060239887
1.12178130892116,-0.186190422230598
-0.423725907360333,-0.158286763569083
-1.11063013940502,-0.976698810830324
1.57647754069767,-0.480871022208303
-0.478588110328582,0.142327645034201
0.460339869727833,0.213372621486619
-1.06554702951058,2.71793000272347
1.12261775009297,0.286495474134159
1.46936570653234,0.572240489922595
0.155612954308052,-0.732568801343966
-1.1626385325531,-0.467198114223067
0.989533068203742,-0.163093771464156
-1.25960695249656,-0.85878337662778
-0.80580889920161,0.678050072796751
-1.42203004114404,0.087174388265246
-1.27762578958183,-2.56448635992774
0.210456251355779,-0.613239010177249
0.876852809030197,0.1218735907022
-0.151201063432094,-0.617656635028092
1.34171619708572,0.771816193919036
-1.33459184224271,-0.66548699633192
-0.184112237346868,-0.0899154464435795
-0.409542344236447,0.379017646522477
-1.79598820778849,0.256493454027926
1.20896839948396,-0.376204198820837
-0.465313856428315,1.71659863953371
0.530098462503535,-1.37730791566945
0.714263312944457,-1.30486272900268
1.07766180888802,0.0242171519884357
-0.303933795979356,1.94485180854365
0.567569629177228,0.25061452555068
-0.318009927374232,1.88647701110554
0.738797439422344,0.784621268350912
-0.532752196790977,-1.01874756266742
1.10647741069137,-0.0716247965277653
-0.00409322252054084,-2.00862047752464
0.77926758678797,-2.16745681632741
-0.253276690306756,0.00719347967810106
0.176818636638443,-0.315935332663876
-2.64917681060662,-0.185848330279912
0.247703605145433,-0.375776189895631
-0.634695113183496,-1.39208081446896
-0.418174032808614,1.96841540374513
-1.56628873585967,0.54376188667042
-0.441593806533427,1.58966910248277
0.825323548634869,0.198918269963754
0.552503233673002,-0.956387381459268
0.00859399738517845,-0.661630271334857
-0.944343320958224,0.715111679022999
-0.113984537726427,1.18793937058417
-0.256263007611215,-0.222258570240906
0.946308886702787,0.0886727040771438
-0.0945342110447853,1.37606358335936
-0.728434417165408,0.834980437907809
-1.12900272003884,-0.895287630334982
-1.51410454077251,0.303201544930325
0.809030250182324,-0.238807046797335
1.04722872378043,-2.29107369195132
-0.632303113848887,0.339943212791282
0.0233760206082727,-0.402614235323169
0.395238991521415,-0.602164231221945
-0.965746275775473,-0.770623749390474
-1.20658263493661,-0.210739273327447
-0.180104393300948,-0.621887048647848
-1.06285542235849,-2.67050510034539
-1.03548740754808,-0.226043139924309
1.4123105411838,-0.506682298286782
1.47437908451621,-0.297129439406392
-0.972428441007061,-0.406021948745642
-1.29540418091802,1.22914780791011
-1.7292233221175,0.00106898878827272
0.662378115731045,-0.114665501513137
-0.0548070438322272,-1.77213252956302
-0.429689066363219,0.671000292166686
0.86110592622054,0.473229773976924
0.341501891033189,0.634960525267022
0.848746525565791,-1.79139909422918
-2.80602583145743,-0.395095093305239
0.435460888155653,1.009707293182
-0.430814745370155,-1.98695707248222
0.265548041717139,0.54003874377821
0.630628214550948,-0.0293506503192376
-1.00068841922979,-0.817694753834682
-0.105939458500616,0.239303691514607
1.16235428337447,-0.102650395819592
1.02700075383955,-0.553047843310852
-1.23824240373489,-2.22349623592281
-0.388424559388969,0.373583588862925
0.509110301512869,0.20125837248663
-0.234245599610793,-0.0762048617620572
-1.00331792266253,-1.19188875654547
0.25004762373393,-0.652310049095082
0.172956347801851,-0.596719662380623
0.444028525520649,0.403928263160391
-1.05633418566984,0.980729101481562
0.777125033960566,-1.6047763634474
-1.81990934769928,0.255851406081498
-2.09633217581186,-1.24174281759943
0.444943489210831,1.31285138004998
-0.0310533490047944,1.47112134046263
0.347924963577457,0.79099844778039
0.453262655235676,-0.798716104091635
0.608665440495413,0.157947982140979
0.370313966868621,-0.833182005943027
0.116864165428687,-0.224616272097966
0.982497002940837,-0.192184388631908
0.722787851740674,-0.0494899109593803
0.00852378069475021,0.975775666358447
-0.796662189461908,0.71967628250369
0.366196490769302,-1.09415397714987
-2.22081914279124,1.26745030383946
0.673548598347924,0.559845206663625
1.61894454502522,-1.19660792119504
-0.518831714023561,0.0494521470867119
0.884143122229942,1.88588918185427
-1.49308045730924,0.467280865584954
-0.103574487064753,-1.74355547473891
-0.505258186389698,0.859111612259208
0.940449539243054,0.287212314313256
-0.0654110684744498,1.00276814538097
-0.10532929240698,-0.610298891377518
-0.00229342912384825,-0.0553437440182779
-0.618809865626684,0.00953453611770325
-0.662086339116175,0.970158557519099
0.0060837279155885,-0.781082572847227
-0.41481456732818,-1.82783532417571
-0.383874082232749,0.679438393216406
-0.665785601763757,-1.083639717512
0.181987792788624,-0.198290990341854
-1.20589505421038,-0.866295405757394
0.756431909175724,0.3180353871075
-1.08337253649161,0.966842874343597
-0.452830974481587,-1.18995276030134
0.355076206964146,1.28858056974781
-0.596752691489221,-1.13107707712347
1.06204907310653,0.225573765569563
0.724902522929326,0.487292321233443
0.89717623413602,0.308688743589295
0.814924486726664,0.585908046418947
0.494141970318741,0.284481609355837
0.482589671395258,-0.859151112851109
0.196893470352308,-0.851935825961223
-0.4867993370205,0.535499361970223
0.580222192562544,0.380643912176327
0.567023943063972,-1.60787263191785
-0.921450830123171,1.22820038296013
-1.64083541644853,0.0944663614544151
-0.895924046732156,0.559080425335248
0.171428814307034,-0.412665638377887
1.03611257457656,0.372244804924464
-2.00626916914831,0.255892330063094
2.11997968159969,-0.110384661214308
1.08001868064676,1.36412578873366
-0.609512069386153,-1.79386115453853
-1.48797746842191,-0.0466405080887633
-1.84415684757242,-1.49744346647881
0.122685876771452,0.992204227755881
-0.0881411440712801,1.55343336968724
-0.259898313070491,-0.350296102285782
0.24886778309165,0.645260161344481
-0.739731897816711,-0.830663533123446
-0.036364770082016,-0.726122982174837
-0.347299069667932,1.53002268318327
0.420294401187184,-0.82552502018674
1.22233536448718,-0.205308303543098
-0.38120130001109,0.146077268292612
0.309805814101299,-1.04304201653015
-0.411086184950649,0.599726563237211
-0.105162550539023,-0.566225853719452
1.0172186400797,0.219802579992329
-0.460038085098753,2.63885158507151
0.950954208705154,0.460361384819169
-2.15645476038036,-0.723234260243422
0.581126267508699,-1.34308749335222
-0.567726054483521,1.90818155191508
-1.18631598602045,-0.565808425896839
1.38804086219646,1.238031833379
0.582717054844676,-1.64343888501125
0.439433014710742,-2.75648267601228
-0.643052783657687,0.698947856722262
-0.0619155058058044,-0.602949117417224
0.676143123065352,-1.10974078362211
0.828943291324395,-0.0998590962196735
0.742091744297368,-0.0201345072763978
2.0183668447794,0.341391046170463
-0.403749675587702,-0.253676917725984
0.42092875953408,-0.817483809835378
-0.383019652363294,0.0790206610150911
0.375185271268316,-0.718948940242027
-1.64204624384208,0.188334938453518
0.462783461851577,0.325527025023629
0.931898556693291,-0.0835097431522179
-2.04591753512443,1.01657852312789
-0.275455112383528,0.206421933302348
-0.0994261266371314,-0.276477043236134
-0.41199978236667,0.372523786938624
-0.159078017521653,-0.327603048075698
-0.11032386199688,0.128595036987886
-0.703845569906078,0.660740307464746
-0.892540464910037,-0.440982845757408
0.831401032792237,1.81529413515456
-0.463654339737686,0.781984722898347
-1.71064710736106,0.109947466157412
0.137380756134327,-0.152890244231521
0.236349491050128,-0.662312275584578
-0.917101605600315,-0.532665621860482
-0.861044380675679,0.882130182365717
0.31773499482101,-0.93091553270457
1.39807420776889,-0.793275052915231
0.633608151505905,0.374144517672235
-0.620201908304956,0.0197070203459196
1.54251445045794,-0.864086873557139
1.29224512697217,0.00519421751335958
-0.574143153595575,0.812215743704543
0.873717807516063,-1.63304117123506
2.47781550083867,-0.668264987644458
-0.84863687189091,1.38218260562363
0.361161570244096,-0.951291489793943
1.23613038369669,1.17578322061816
-0.313841159491292,-0.115284352109312
0.991691996006954,-0.420648973105308
-1.7809017667793,0.810354934527203
0.973085812932855,-0.41309128298142
0.5031660797061,-0.716911251480881
-2.06112937761177,-0.792151656671308
-1.18242914415905,0.975546720284142
0.788094794106259,0.0662060542569402
0.565089580523796,0.859932250134962
0.086364945815577,-1.12941386946289
1.17612725441108,0.0046551239874244
-0.841582906942724,-1.14118923135432
0.163692729204065,1.08732682717039
0.948954495419612,1.50388879756193
0.00334039095721628,1.11234836069139
-0.126321035942115,-0.489406667427848
1.66257487790087,0.934816420831316
-1.13272453991437,-0.544641402523731
0.0721448707234662,1.50289568835704
-0.952635974996528,1.51729976778715
-0.129835185896775,-0.00525651448453535
-0.996009859036185,-0.601164575739931
-0.306339445405308,-0.216705113099615
-0.179231822299721,-0.184858668861627
0.393732047369399,-0.703777686499573
-2.58350859011902,-0.0928188779459649
1.31884610471256,-0.197636591333817
1.18410116205234,1.15167326855394
0.0267506765771201,0.0421686484504166
2.10761354104589,0.319942649736981
-0.485449384879273,-1.29897274634762
-0.871293152584516,0.699111717083721
-0.892435565010679,-0.786267885377355
1.5603568778136,0.752924187346095
-1.51442459689155,-1.44376693865228
1.74381101976217,0.371992331862683
-0.0343397614466879,1.88937702875409
1.31605441251488,-0.781645619098458
-0.893786762821845,-0.78259034001842
-0.720587217530429,0.828397808078533
1.65775307084646,1.2717523496285
-0.0954403752687097,-0.509558735990554
0.622881177655736,0.415637499561832
-1.56775513012952,-0.0772201537123488
0.244430308230436,-1.01517936517677
-0.730584713210656,0.3278749225582
-0.0422598852839819,-0.0254299771024653
0.0509967970310229,-0.202977223538137
-0.974285490863662,-0.359613346117283
1.27072459029336,-0.412747908865647
-1.83322638752849,0.162684309370211
0.74982411573767,0.671440741324833
0.169634021572624,-0.730823819876299
2.09422715933965,0.361436315459056
-1.09294990574239,1.22238734436086
0.879112505891097,1.59858870762866
0.448000691055113,0.901013872950195
-0.248140664364218,-0.379524612888536
1.87306781723677,0.319985504895412
0.864279083059695,-0.302801243044801
-0.27985957336501,0.152170736974236
0.113415323520885,-0.311731171063891
1.3826473637726,-0.582850065712209
-0.331383760145904,-0.230274736183907
-1.20737420660623,-0.88781057338477
1.69870366456839,0.57823620055416
0.57563741800652,0.705507039755463
2.35394132682109,-0.339011586648235
-0.122958960898366,-0.165086827618424
1.01494033412154,-0.193037860339405
-0.91703253521388,0.791239941447373
-0.446944279622022,0.746693400797721
0.908830911579339,0.222365567667796
-0.433142665430164,0.179301394105889
1.41469315948033,-0.313586755909101
0.203561510518558,-0.399683948795315
-0.0436382686221135,0.142901687030799
0.810035587128392,-1.80555284653756
-0.978827382145326,1.16035188413802
-0.180407004879005,0.321000635857425
0.216060596603842,1.17337042607928
0.825551554422428,0.655358684239896
-1.39176845683363,-0.702767432146097
0.448937353227708,1.29917939289617
0.959546199773305,0.420061537990782
-0.0155405610494189,-0.855813498444749
0.770544916952598,-1.5021866158191
-0.687670145600612,0.372455598024433
-0.502649399002727,0.29304467354033
-0.894214734382218,0.393185682798207
0.805467535138165,-0.0787581997904869
-0.40802661511274,0.242906513558378
0.411832984575549,-0.881906321789693
-0.511932432412167,1.94224160304914
0.0240350188630284,-0.562900248451932
-0.914193642862133,0.95256044751976
1.02295195806427,-1.63852602214234
0.59800131873444,0.961950931241009
-0.119210317194802,-1.77494971904985
0.499354030123847,0.611831485832134
-0.45943061465755,0.417960556747266
1.95235056459534,-1.06834191134111
1.11856118735488,1.88980912326732
0.77283101411091,-0.0201226286636275
0.215768088801271,1.4196995632658
0.316370743065603,-0.665429647229336
0.264221054600397,-0.497033378859214
0.718233667346544,-1.34566807604211
-1.44235265951272,-0.365438541299479
0.388780350248756,-0.906469169333528
-0.189992538685938,1.87915240724836
1.27349772789798,1.08682762134341
-0.105681608124902,-0.254624388723717
-0.86967807169683,-1.12620788196719
0.56429167188214,0.186901403323977
-0.305953510760205,0.153340296843966
0.39682563807413,1.32369808413829
1.28486609946986,1.5342965439786
1.64162759872164,0.543257837417497
0.827750202900431,-0.212472865108584
1.31740878211564,-0.628445334285795
-1.17120619928478,-0.613512497490528
-1.73999700731723,-1.36942984182323
0.229311645724547,-0.887053013361057
1.83742452125751,0.747697874374796
1.18606555267167,-0.402145793127443
-0.624310208388889,-0.869679440634077
0.254229015133936,-0.48937805884027
0.477863582981971,-0.870005816669754
1.56320442662502,-0.672049899124742
0.551642251000546,0.907814133032528
2.09525217848264,-1.93912793401083
-1.04018825103467,1.66307441945174
-1.08477134285723,0.632004273265421
0.286159621096524,0.908927254182827
1.50104950936226,-1.01032382347731
-0.154323692858986,0.0930670263681926
0.886228591425634,0.426833480649334
-1.40213850535976,0.0676962648079164
0.440271373281052,1.06661913129964
-0.500066765992073,-1.69972645470352
1.38988592131987,1.42755554666981
0.491781451002908,-1.55477950295815
-0.314310841933564,1.68191555288062
-0.00474458248545914,-0.495779661943348
0.805882685266262,-0.0902477799513256
-0.502627868100318,-1.70919068438734
0.292774656361367,1.44653742302723
0.663459953280782,0.37992883962399
1.5232582482405,2.6786397479368
0.0614787627008277,-0.718449252450442
0.197739166205812,-0.652021631418917
-0.0834393479806918,0.0296565899718978
0.807703287889998,0.692737771392405
-0.712358120864152,0.350407806297369
0.656611719670801,0.0514526356242026
0.783544271606711,0.621475853872113
0.0742459623775484,-0.182480252571707
0.6052487609085,-1.10460036333505
0.980435063282406,1.38333867462666
0.742760413949089,-0.000579527855908979
-0.58629365636974,0.337955258161534
0.261890390177687,-0.933570606925505
0.712779862216507,-1.13351459819302
-0.464040295119147,-1.54296114854788
0.293139623538333,-0.760189466333008
-2.0208732679882,0.74650676496453
0.94512455815542,0.0549360435883978
-1.525635307334,0.511797707295796
-0.424287948221434,2.41669652075642
0.81265546471988,1.99578469393704
1.19926275067273,1.58164667844833
-1.22222808848109,-0.623686443242426
1.7944137051124,0.449432426133882
-0.135913949209573,0.0929708134583196
-1.38953614109152,-0.549263955593634
-0.763080554530962,0.405127310104396
0.00563112586661517,0.0433443874169996
-1.19459565276645,1.20918794965207
1.05500798511135,0.300733268268387
-0.174948393924835,-0.421484043491241
0.292771498621497,-0.83372050626418
1.11430119387276,0.103539117322991
-0.158257189348528,1.45758486248652
0.379782742733729,-0.603237049154017
-1.60073398414405,-0.367539102344456
-0.311324509109538,-0.424851355989607
-0.982902037689813,-0.841355126262084
-0.400700161172429,2.16822942412589
1.36574629575806,-1.13969257352241
0.273579818401669,1.55418338121722
-2.00186777257557,-1.41623280751323
-1.64992659424924,2.51007857892352
1.6965773488757,0.377632871496305
-1.26328993590169,-1.92258846193638
0.86864022530843,0.0829752180867787
-0.0369667510887294,1.5826171232002
-1.05833362122999,-1.01302963273968
0.756762413794274,-0.108484679487175
0.694534574502493,-1.25802906227449
-0.934462443478808,-0.633725905130523
-0.805394035725955,0.970737080274761
0.10953790988103,-0.0781501129294818
-0.461145052972603,0.0628103138167899
-0.902337104500402,0.444638724092021
-0.643180084271669,-0.949963928715906
1.04312585169484,0.261678946542367
1.41341553330377,-1.19633913793958
1.10342860361719,1.37598303166878
1.85307446278533,1.98207207095428
-0.416467264911509,0.11367783943235
0.840366491821395,-0.126188019689073
0.958261074650986,1.87755189295243
0.79743260881342,-1.33254221822121
-0.318976079629819,-0.259064619433748
-1.35265415992819,-0.407027153533747
0.257338746085992,0.801390007842769
-0.681486961579234,-1.3196098510752
-0.617266281768808,0.946737110291441
-0.13399396404397,-0.530735649661915
0.850188801501311,0.611443888841305
-0.874615649258741,2.3881064955423
-0.117745030933056,0.1584776728332
-0.440659174019955,-0.000402360155137588
0.742338725615006,0.628214392694226
-1.90704284431621,0.201766817809231
-0.213230284241088,1.60941052379232
-0.718733592006652,0.654396276599989
0.586687470217445,-1.51292900446395
-0.503383932363376,0.264768237554808
-0.983080606692802,1.19025197489032
-0.114516080818779,-0.538222875443226
0.366390056601414,0.386430670721559
0.0504015589656932,0.929453090497114
-0.612449775727514,-0.0790719008815483
-1.32629804039593,2.03916187389155
0.143473575879163,1.09819760860332
0.042143249588439,1.85064369896853
-2.04914937382384,-0.630168561428874
1.6395678827804,-1.28988146179251
1.50175086596953,-0.427559734243869
0.00729392800625329,-0.0648575711149532
0.461728570257718,-2.64770513273843
1.18349388951714,-0.241139438576888
-0.230584333582975,1.63942628718951
0.555541917893403,-1.553518415235
-0.534369155583932,0.546230313376156
-0.153619437814284,-1.88045607026126
-1.05849944978304,-0.971275957247035
0.167997527510199,-0.819978517714208
0.239932968060222,-0.275393029870329
-0.91965529754004,-1.0808624599571
-1.94168493989697,0.817353948689367
-2.54228668776667,0.0411973369030972
-1.74608701383614,-1.55144410850587
-2.42429898562157,-0.687332483260912
1.83265496115806,0.408378639274287
-2.22589049222465,0.715229287007852
1.43544655539829,0.594530748884472
0.0113852372300721,-1.0045692788851
0.823017277247322,0.0510328241123474
1.50451294828561,-0.765869837327496
0.427271149811069,0.609204425387034
0.20367435882083,-2.21869476401591
-1.14361900828909,1.80657606620984
1.77414567332324,0.464825103844348
1.6667386666453,-1.36108657546343
0.0859949304230094,-0.235812961519061
-1.00481784560056,1.062438428013
1.64926923222025,0.469106746088847
0.094548508231107,-1.00954799175444
-0.766650627823235,0.484624254720499
-0.541233908677886,0.304291917788454
-1.10866063888691,-0.832744864501097
2.30983355716529,1.3742195750564
-0.184272433759009,0.201444241183142
0.813755638510858,1.82635811493286
0.818733606913042,-1.55856493226684
-0.158552831106925,-0.189787146022171
-1.25422976226916,-0.177339743451264
0.405954987198838,0.368980475505204
0.477285708674486,-1.02850036720992
0.27812788472393,0.4563970055827
-0.0916846827479512,-0.0484470065019664
-0.264535823217293,-0.0608860365829033
0.310773037166735,1.20357274499609
-0.462720568086679,2.03252782640179
0.205007475314354,-0.881602199605296
0.141728658853756,0.657916107023806
-0.842068844992048,0.556309228187697
0.628427988107965,0.447644075578746
0.505833895337397,0.637856465953509
-0.142211082951941,0.0308310145844826
-0.700990290697512,1.15468085265812
-0.127831117441579,1.46414628307842
1.10692806678661,-0.309526544542006
-0.39604403658403,0.639794313012085
1.12582765231069,0.210913689692339
-1.21500804367325,-0.493555064792185
-0.622206373285687,0.24436287730202
-1.02013782904728,1.5810416633181
0.165995858439688,-1.16680550783882
-2.14116086372467,-1.10812595548696
1.60862783710878,0.519347884389746
0.875239896253001,1.73015560284773
-0.273368972626273,-0.0414937558093208
-1.10310237522991,-0.997399338646753
2.07870578705081,-0.194143634889845
-0.310475700589483,-1.50215832614147
2.13063403565791,0.568731282265554
1.74674889761738,-1.61151558779112
0.276580866528674,0.489980566714034
0.0251457399209162,1.54980981981995
0.329612773782215,1.01033097884897
0.904465874862297,0.316104900837414
1.54708841069704,-0.651645562568893
0.328636032510818,0.735550729274044
-0.558852413762282,2.16691142918784
0.176284437403072,-0.345851967226636
-0.555474372977743,0.543602935403185
0.191166739976566,-0.339315008149045
-1.85500623254559,0.359498938047763
1.70287986409041,0.653579531773134
2.62525146291566,1.55191656870427
0.742853248974969,0.155441368433939
0.633225758022038,0.238773390609371
-1.52901988022426,-1.41338142423248
1.72461880335491,0.729167009475831
-1.82116765711038,0.623743736297156
-0.0774050350172457,-0.33052291246599
-0.964891748569679,1.12880948449638
0.496338561988029,-1.101406546537
-0.54702031418121,-1.02374441042489
-1.46857250513378,-1.97351840070683
-1.05440218693766,-0.640845225051149
-0.753963257229194,0.538588394138013
-0.489957717179425,0.79672365099645
1.59611967643154,0.617912600902464
0.712266824947767,0.733564366987966
-0.88017740696897,0.850234603739184
-1.85047707537587,0.0396454629075801
-0.339424241684673,-1.35804248129654
0.947610090103586,1.64074596711195
-0.626296309171157,-1.40691230308304
0.0546514462348199,1.65933663774356
0.561335284767579,0.311493489949229
-1.580680283386,-1.38678118702323
-0.501812223582809,-1.07963954076028
-0.787516749913629,-1.01840204671804
-0.485709277391257,-1.29033256256335
-1.98652492105712,0.56518622147132
1.80514474919747,0.220361147369742
0.632792530479095,0.867033230235993
0.198089954817606,-0.559329331029822
-0.847025147118958,1.13246380172488
0.167635424359756,0.724545439921074
-0.231874606275961,-0.0880749143373296
-0.658177021908466,-1.01161906070023
0.787130511446956,-1.65539122443694
0.846265015497262,1.76562343245201
0.699548525415709,0.542655404202784
-1.50357965932015,0.32984123583013
-1.83012492404306,0.61419730746531
-0.439648620228583,0.255797801156892
-0.26376217062239,0.414138111941067
-0.783182674395648,0.304261847965117
-2.24409723043815,-0.330501256079352
1.4439062386246,-0.346215968950093
-0.0297010190490697,-0.719226059946348
0.323059642432077,-1.4571344393277
-0.167736333680084,-0.350190917804061
-0.493285131606153,0.722034757580961
0.780544715244879,-0.203639345123602
-1.32087953961427,-0.50275095037011
-1.2265832677274,-0.00453974355108344
-0.0755807869327789,-0.70101916377002
1.43922913263771,0.649807451676206
-0.768031708161344,3.00597937172758
0.799283976754584,0.641760123377828
0.188774644353183,-0.22834194992748
0.17498171204243,0.871819244412141
0.778795536517159,-0.0162313058572467
-1.13785864064561,1.10359658915906
-0.277280883406062,-0.0296793969336577
0.244026984099154,1.48404674808419
-0.762293582489747,0.711107475816035
0.713640832382266,0.609531562039795
0.43451237902195,-1.04781861554679
-0.116758810490679,-0.703630716637916
1.37489737352448,2.61889069782439
-0.44191282417606,0.38750067835778
1.61135524146172,1.35569650203622
0.607578998969688,0.503390456352958
0.0134318198538516,-0.634234684843499
-0.849296553956504,0.276548975973243
1.03573130145735,-0.279934119702353
-1.75449535178627,0.16365728313208
-1.40481029411353,1.84621602175405
0.186671540912577,-0.38996422677673
1.62470413507862,-1.44560016037537
-0.992779929459722,0.894534775658264
-0.298691773090207,-1.44158469944724
0.231011426044876,-0.712113208805821
-0.17190649209969,0.174843854457933
-0.0178770760817183,0.950692387991784
-1.04606644370519,-0.896090258235117
-0.948667792069733,1.13240604843846
-0.10500358378652,-0.560267999869156
-1.93085939820863,0.756619946762809
0.254173675361743,2.88018192900633
0.993619747968792,-1.60295502631421
-0.00658994065472283,-0.0339759891766485
-1.04323533725145,1.65423291650779
1.11034511921465,0.218894006646471
0.0459316968519071,-2.37311835497434
-0.802404865597189,0.776353925384424
0.871028282902869,0.305269298756744
1.35038816643626,-0.697320010100728
-0.83473789676285,0.418958872795527
0.207104853704759,-0.297034526269083
-0.520150032781969,-1.49266160576268
-2.29068480175235,-0.238279153209394
-0.436538111168,0.184667942220901
0.41446342384184,1.16368959566534
-1.27508113446064,3.52194081604101
-1.37024111158426,0.193066238557467
-0.861333875178846,-0.605906380421249
0.805010638861224,0.665115670944565
2.8487195563112,1.37995309936468
-0.150346288032993,-0.395859380906541
0.288670012996987,-1.11013088088618
0.536325814127568,-0.821797977841212
-0.998478108636091,-0.377506419758427
-1.20322292365511,-0.91837006282288
-0.135308894865891,1.22529298939497
-1.03968556766358,0.715689353660919
0.380627051833231,-0.871474420585715
-1.67451213629406,0.384820511070733
-1.10326844768683,1.44918178216621
0.503285810889884,0.497275415339004
1.1128905342885,-0.805029873412957
0.0269364693218244,-2.0308217989629
-0.135572201398169,0.21112809898722
-1.18998663743946,1.02202913621593
0.400910105175488,1.30091491394285
-1.19323024884145,-0.452965666606076
1.30485947638901,-0.790738994473384
1.20815881416546,-0.368201121308662
0.270866771666368,-0.669645484120543
-0.223180446770245,0.386826485292788
0.0429668603849597,-0.0572404239698839
-0.877221973559758,0.542078643608738
0.456781047740308,0.47897250225025
0.349588230680766,-0.545345288663214
-0.981842524602111,0.651392173998225
-0.76021139070209,0.728275227844746
1.01056822802167,-0.218228490310397
-0.284658256172701,-0.488329213803077
-0.457234009830426,0.0468680250158203
-1.34124375767478,-0.195374291857133
0.0780108951419136,1.19160435613559
-0.225620841413167,-2.21280713306215
0.303777971611583,1.34657114902964
-0.610216437738203,0.714912418443804
0.33446372446906,0.368336631355087
0.777477872685196,-0.302685992935853
-0.283302167248142,-1.67300499851253
-0.250989726720948,-0.0295279536611409
0.125458505776203,1.25412250140481
-0.86425597917746,0.522403105313501
-0.922273198824085,-1.09507954176576
0.438637282258569,0.306540128809934
0.769701795047222,0.650237728587631
-1.34638319657985,-0.579823043337627
1.10944712628764,-0.444780249684122
-1.24141760397092,-0.677302212598589
-0.756051757287442,1.21432482163616
1.04877024153366,-0.339224961715994
-0.806359346947603,-1.19788640113782
0.0664127519939086,-0.431760858765784
0.680630702236982,0.0078754634810437
2.39136739311394,-0.65265683788494
0.476007043791891,0.19212238308891
-0.748170981771753,-0.791664345997438
-0.653998382920871,-1.15093921201451
-0.455865389839031,-0.0168268967251764
-0.649609128574126,1.91751466784825
0.363135981626956,1.27211351860721
-2.46836154157239,0.974378892233211
1.2032823760498,0.131749368520234
-0.544560328245317,0.845831755209612
0.568145848314714,-0.90984010842208
0.422424838332872,-0.726468651472818
-1.4218291533295,-1.87925477696002
-0.105315313104901,-0.138535114139907
-1.72415996884533,0.749838872266015
0.348299182169367,0.567021648487443
-0.895830788507571,-0.851547934813269
0.262322561477221,-1.06240747693903
-0.732205310439863,1.05785169101915
0.0344930717776669,1.27509010464307
-0.831636116884689,1.21859841803092
2.23428903874448,-0.0983671441914954
-2.77094249665276,-0.306703180962
-0.467880783893286,0.271799630859023
-0.813305324190567,-0.946130271783138
1.10176521108426,-2.36129222305229
1.10136986579505,0.117859555268835
-2.05687793525926,1.1766606548017
0.923583474128215,1.88454843549965
-0.396990815957952,0.371983900142524
-2.26240260449763,1.47375356824441
-0.863554280522344,0.940008047291464
-0.65741455314362,-1.56784641973508
0.750891381262949,0.015979604693327
-1.70179347521955,0.062194778198996
0.27761357510173,0.70530578932337
-1.99596945840618,-1.24779734511774
0.19591817074348,0.780467995248635
-0.354936124880844,-0.0269165008211724
0.619254300982804,-1.0360817626471
2.41267896690487,-0.359710431913038
0.512537330595227,-0.926193638819385
1.78698611770501,-1.40890528806673
-1.37070804332805,-0.386151171025168
-0.259753493276826,-1.69305633559593
0.374956383416969,-0.925321694940341
0.10317727623043,0.969907144686089
0.295512770363876,-1.25487377233579
-0.324376892798269,0.577243685341101
-0.298866482141716,-0.157670562188694
-0.637258852009528,-0.976481367816229
-0.975623258466748,-1.32607953071455
-0.323446886687997,-1.41210359416441
0.115928777054524,-0.900706362520052
0.131490343910578,-1.11978978501399
-0.025168563781267,-0.397431189422883
-0.452732656400806,1.91376645351965
0.391827470700215,-1.39174208946562
1.12782156335133,-0.0164187873150537
1.56463878921364,-1.08839595844722
-0.491924060276932,0.706084184157589
1.32421617354185,-2.00917156355104
0.761373250283626,0.112056777996817
0.818301491566585,-0.15506300620485
-1.5521959116663,2.03507722460117
-0.697862103682409,-0.87628347054171
-0.547250190987634,0.242152901944882
-0.264256961745385,-0.603139321021143
0.157157021867081,0.672263195866166
-0.740516912656089,0.619481113072492
0.649342430249462,0.881780460271556
-0.433133040232752,-1.55809569205757
-0.801599184943966,0.264947090843092
-0.907988242155481,1.0629542127223
-0.313397593673066,0.226750578082087
-0.588663749173418,0.598754054862373
0.217030583562381,0.578564148333921
0.61151913669919,-1.26155704471436
-1.52278746310635,-0.307242628305659
-0.609956452472386,2.06324805039776
-0.846055195517844,-0.980670068181141
-1.40549316018747,-0.361639458533402
0.073135961576957,-0.793911831865631
-0.734509055873353,-2.88735868055671
-1.54699215814842,0.332584693166191
0.315907429191277,0.387165091255105
2.06972776299952,-1.44888354778544
-0.524476914250529,0.902769785082373
0.494815549726152,1.06919489663595
-0.339207966262549,1.75952024249057
-0.939433398323003,0.511787243064868
1.18873517329172,0.138738820225364
1.03626214614195,0.133856067501304
0.727893080495891,0.675222684670056
-1.97801313055461,0.60576297106838
0.79104029080649,0.467898727678826
-0.871912375130571,0.5858431807364
-0.391333682850874,0.211199442730586
1.42113297374352,-0.454917559002441
-1.30698262910734,-0.846372287784195
-0.527904302703647,0.838666017136829
0.0946220744587747,1.60109375842998
-0.416563953332733,0.406875658147034
-0.813351830220877,-1.64150833124281
-1.586624741854,0.176876282409482
-0.448810035673731,-1.39570335244494
2.49277229307164,-0.342391937577328
1.07105005261639,-0.260433106792106
0.261009652098824,0.89838464910912
-0.63968335007602,0.818328473667233
0.92827157375335,-0.482557072489129
-2.42896101539795,-0.987881724392497
-0.0253344357161538,-0.238901776955512
0.0989525490147585,0.891371236769605
0.29978556026177,1.15612347716512
0.598902480771651,0.329693773434667
-0.603001909730951,0.00264688079214512
1.18503188820544,-0.100648938716323
-0.651037224994162,0.295914358623231
-0.347880007538586,-0.396594967218701
-1.36437406449872,-0.358714365065308
1.4727474853275,-0.387515832880523
1.71979831288649,0.172460249998196
0.185823008911163,1.08858126368548
-0.584990819360763,0.373672221205151
1.19019810168841,-0.275877174054998
-0.00704371989946376,0.0328317650599445
0.533254102790859,0.3161505683403
-1.13074259633453,-1.19764127455273
0.61677611006687,0.735624682741091
-1.63911331872942,-0.27839124005106
0.981633743479088,0.273866709960836
1.07808420360843,0.256390593533213
-0.297348184029646,0.126119162736418
0.079789610670245,-0.643439084278859
0.197139532274586,1.56610809208038
0.994729161598065,0.339136951895511
-0.101378242768893,1.4335753094835
1.06435177804566,1.95893479977194
-0.894866080802433,1.40959640559327
1.17685955435553,1.30411002222483
0.265799384565883,-0.895648925455608
-0.4401408470325,-2.2004612598204
-0.0697773736536812,-0.766029609874456
-2.14583284430762,0.763112155096083
-0.319069421058486,-0.496092822174493
-0.945498733484226,-0.903779571054611
-0.263310493653662,-0.0905200589627692
-0.0198253894646162,0.0968195907175975
-1.62080839745509,-0.191284150608964
-1.40498902967854,-0.31813790011464
1.06104318076975,-0.31781211762359
0.504093085355691,0.468241383129162
-0.717979704487106,0.600007297037748
-0.11959835040718,1.4359910456277
0.0353113548733155,-0.807229935102374
-2.52728180714929,-0.505160856998247
1.10214151591418,1.51162484493326
0.453562492446325,-0.955911175308072
-2.36199347866041,1.1923101225175
0.967422173654027,0.27769589346221
0.443143972975634,1.16428899804
-0.823309900108506,3.12278208907682
-0.724238104436463,0.498013206763916
0.875423911925317,0.0732513696139129
1.27204803597878,0.81965747795679
0.324377069438761,1.40738257689988
-0.935309749592138,1.02762702011033
1.01513651579394,-2.37376289811727
0.510212347335008,0.54483845183371
-1.38297361190443,-0.489803432769282
-0.591112587122862,-1.14564233703914
0.398611554764727,0.260021302540458
-1.01163499443379,-0.319034583303938
-0.168689038872973,-1.76647479469031
-1.68229477664527,2.5361966487578
1.12366982111126,1.16211342068562
-0.763942561612233,-1.55925340802968
0.979541110515679,1.68934453507253
0.797984692715734,-0.0334312674825207
-0.242769752086987,-0.282039486131284
0.343137998575246,1.36675572466812
-1.20602155034642,1.67216835144549
0.664745693523847,-1.10053913802325
0.117323776113874,-0.592969407361062
-0.868824373587089,-1.3189306489589
2.31009731365377,0.01725766170234
0.570439078768725,-1.68239861916038
0.611482201865604,0.957280212993355
-0.827859529507599,1.1735193151203
-0.726073396687798,0.695405163127805
0.588356247455629,0.620501833830242
-0.875286793926371,0.464740004822474
-0.350602453384184,-1.85641176247652
0.496046308027517,0.520404337114167
0.735384651712329,0.800230862523995
-1.08578225010085,1.08640524244794
-0.89290761135679,2.31765679187155
0.700374083399026,-0.152732415388266
-0.218930840314647,-0.508526769673232
-0.418589380449141,0.251881074673553
-0.795344394428818,-1.09420850925202
0.68050829600708,0.282794415369696
0.46302307823914,-0.725255819146875
0.448163622641069,-1.13506114860738
-0.24822253667642,1.36661136376242
0.574829044328485,-0.947088189669069
-0.571835857105169,-1.66456333801547
0.796168438522053,0.202954816409066
-0.811354519587358,0.883378190510378
1.76593740213444,-1.42736994674831
-2.08967789772237,-1.05934421944677
0.807740642251751,-1.50698509747704
-0.15407953679827,-0.343806397844423
0.106011922042725,-0.623225109773934
-0.960744157137235,0.677510916974645
-0.0611307815310886,-0.0330298055524491
-0.580484411157006,0.714905685547028
0.832046699559532,0.081175472922562
-0.945152313732458,0.419789618399022
0.465251471149473,-1.39896377225011
0.851983026698198,-0.394371559624213
-0.0771877285913886,-0.156361807574418
1.24832253046984,1.65566715053652
0.0546285479858297,-0.790597719726519
-0.913357676721648,0.620103088967515
-0.250282338622127,-1.95309042150155
-0.495018688643985,0.180419949046658
-0.125569218684881,-0.389825366055877
-0.0202912647111096,1.13670792176721
0.907630528249262,0.184154254100307
-0.632923782328972,-0.975451882361386
-1.02593857884606,-0.239482746718052
-0.270623366410054,-0.621588745482605
0.010700275222036,0.0401604911889129
1.13051177314235,-0.611391485570981
-0.139615251794204,0.0285916713801119
0.373854385006926,1.38234048236334
-0.0565806347862724,-0.237479556874879
-1.30305705431868,-0.777092336340447
1.18039383340447,-2.18238123380942
-1.75958763554471,0.15140727342249
-0.557828258337694,0.30705990679549
0.270358845618064,-0.581581496608315
0.610446072672745,0.9166822216046
-1.49536282035756,0.294745748240807
1.32685844769861,-0.708771731687423
1.13576629439107,-0.102635814815627
0.100060984688866,-2.45696136636312
0.879232573424588,2.09593931968468
-1.40241570259585,1.31527488062588
-0.514347835605968,0.647463267274528
-0.54659321544725,-1.59133733357481
-0.642371505504916,0.344109946646991
-1.72710796228291,0.426999538295612
-0.540316832817484,-1.01617779353088
-0.479368092604809,-1.49155105611925
0.090008481072491,-0.0753562299522682
1.27375195312015,-0.2817992876341
1.23445285593812,-0.402720308442277
1.31073374717508,-0.197450345339172
0.76697408540147,-1.4744474597308
0.516303765320438,1.06792491474095
-0.500874188829698,-0.133602379502568
0.868006331991857,0.249538461355679
-1.61470426995968,-0.192810674609938
0.313249962592032,-1.10535400386866
1.87551461998888,2.06882394034465
1.33418070972461,-0.946874839080414
-1.64472390217483,-1.21236391930641
0.372315119729471,0.71650497953398
0.233959655169962,-0.690596387002741
-1.21971286983831,1.64413139784255
-0.510301923025094,0.688817745058402
-0.319682335122438,-1.59176556484259
0.255910544161771,-0.689028476624796
-0.167128995826656,0.00115508919252183
-1.41565849736936,-1.91400687509002
0.207239942498569,0.63765052138992
1.01888165352084,-0.349696812323405
0.792326525375157,-0.206477859846409
0.550210736411291,0.434956697326824
-1.74711230914113,0.352116010663801
0.855493811128621,0.647302975213537
0.55610662234307,0.378039452223293
-0.396673507095395,0.0366004290649936
-0.314614193757922,1.75914669612614
0.439827499473329,1.3028583734324
-1.5080484268963,-0.414827261113983
-0.412104113858036,-1.53353302764081
0.352614835464646,-0.694298219367331
-1.56567691398857,-0.531481933452989
0.396921141027378,-0.682717439847133
0.62676152169946,0.59778147215192
-1.29103173042987,0.0907228731760425
0.110728678632731,-0.311932122507079
-1.2310372630607,0.0330815023964702
0.764969010146521,0.0689502762946954
0.483320274110447,1.21273906858604
0.403196376903104,-2.57667310680089
0.381690394143208,-0.516964017037994
-0.485668418869554,-1.10991719214695
0.245283750800728,-0.730265261626405
-0.151350162475459,-1.66946935375604
0.482528888124909,0.423580979958665
0.139775359920612,-0.98024736927589
1.12602176204769,-0.252909229892815
-1.11621823165005,1.55536755954613
0.0101365270004932,0.900766524059173
-1.35393259142946,0.0686941480643644
1.56579416490649,-1.33741183382872
-0.234363662157068,0.364800701829912
-1.05888843590347,1.18680754901344
0.391590736745394,-0.886492618815913
1.48398605143051,-0.97754526375386
-0.966262027259966,-1.43937148584106
0.789718972604764,-2.14982301455694
2.21208177328005,0.425132317334773
-1.9249052893258,-0.952088582363885
-0.647346325230319,0.654337493773919
0.233395734709704,-1.04476642103267
0.818994195536438,0.456554568818985
-1.55914132727893,0.302102584634483
-0.231513388781242,0.302069568700113
0.11571959833598,0.717553175668294
-0.62343257078586,-1.39323594514861
0.0641477051518843,-0.778426636351789
0.420245187017638,0.543880987432509
0.371374213570827,0.465083402799195
1.05237376757629,1.58867813390333
-0.25836908055687,-0.315529241514753
0.17748942231336,-0.556289310897273
0.856940016639528,0.702536750313082
0.375452143128694,-1.45280413286012
-0.608536567087753,-0.0604462625072877
-1.42782522751576,-2.19931424897478
-1.95399395581084,1.08192036911972
0.713085937595865,1.99848152411836
0.59865896933943,0.527122928045251
-0.176181123436126,-0.459542121159109
0.191158967732492,-0.289867728672964
0.579479010599691,0.0497705861288326
-0.21728910178764,0.239467635154772
-0.989052878550838,0.713961002535624
-1.72535780598324,0.215730228682106
1.72166161424961,-1.04975024769364
0.527867475314723,-1.08778309318535
-1.13210404930412,-0.517417073767547
-1.90238893669038,0.639649689960142
-0.554919900087204,0.404035207277234
-2.48578783977013,-0.256968354373385
0.0212888257759424,-0.9598057713768
0.744115101903108,0.823149916814557
-0.557769002716079,-0.0450808823046739
0.168946144033911,1.1726801670522
-0.925195908626577,1.28530726403793
1.42776231206735,1.01361790378063
-0.354079558039031,0.100251655411665
-0.282243202873461,-0.373197523937855
0.119351129140032,1.56618482183531
-0.534897648086838,0.299365762270038
1.29530816706949,1.06048870893218
-0.183410620886132,-0.249163084858263
-1.56659564780699,1.45531394730791
-0.480841867830688,0.609374743157467
-0.121797903666141,-0.771312412486813
-0.227674400018961,0.0395083870852054
1.32350203946728,1.03249796124602
1.79860056391203,2.42559590572564
0.420440867041935,0.75834721041538
0.526731999320694,0.423310720816498
-0.212021782419758,-0.334029958333705
1.00142640597709,-0.235745858768124
1.40794978076674,-2.76482730430644
0.956108634732757,-0.437140135977014
-0.194744847856564,-0.573608980374833
-0.775579683734102,1.18714445857302
-0.636301679839999,-1.47479007606676
-1.80859573517467,0.411346350141864
0.331519228398811,0.975464485336974
-0.0220615365684855,-0.332643208058245
-1.23200488836165,-0.380217750508672
-0.683114879302099,0.577931597548919
0.613159437427141,0.396136295150184
-0.50049318637857,1.95676227591097
-0.626977509166609,-1.00226952858533
2.46620073728386,1.55561338469378
0.420346599532533,1.13625780133343
0.165904601945469,-0.488829305714164
0.676661162653322,0.340414298980161
0.830655741612944,0.458162959739853
0.627055701287508,-0.997224691754338
1.1117659748599,0.161059721426179
0.476121264342314,0.482572388541635
1.49028353934985,-0.741289974811211
-0.63471655052001,-0.0233676055256753
0.778829646956577,-0.274013366317519
1.69797873935884,0.869380549471757
-0.741344529867924,-0.924687752680646
-0.896583496372025,-0.681466306207656
1.22784980535417,0.889389414708135
-1.2860695877046,1.30788545412595
0.00641093126406854,-0.367533500188327
0.565416059093921,-1.30287522916728
-0.31480531338912,1.66531995134684
-0.159698805514164,-1.78302423945346
-2.29638299354749,0.813177310334296
0.200745834277949,-0.622409404123931
-0.21789773833372,1.61971906036368
-0.941318987187795,-0.993467679613051
-1.12318567989258,-0.253918921836243
0.412478664952347,0.770239444057329
-1.02124238819055,-0.973948810321509
-0.31234599424668,2.23716737449265
-0.922548136539199,0.802196479494338
0.257690741528341,0.485951559099996
0.96128231446514,-0.0743014126293524
-1.13904373797527,0.722966905793949
-0.862829916777926,1.04093225842503
-0.512492261441055,-0.0525045993708229
-0.476038862430731,-0.169722115365598
0.465175902645943,0.36338405258925
-1.24399485067311,1.05226352295048
1.31745312795591,1.27363202146361
1.90070016944919,-0.0577461962373468
-1.2916255943955,1.02198927902371
-0.108619660919721,-0.386785076348159
-0.946045593633207,-0.414349200256499
-1.64731223744423,0.288449842547866
0.271357015887551,-1.00691575263404
-0.345572731201539,-0.436389864090455
-1.05586057528199,-0.888285230334462
1.44730963685979,1.03889089070235
0.600557891620886,0.0445021490429844
0.7346383652648,0.351236456701889
0.576120597992411,0.235159555837961
-0.515992833348616,0.10038582221101
-1.12065421432853,-1.10826581365705
-1.93659952790917,-1.41224170247817
1.57800541813438,0.589882675218764
-2.33392949695056,-1.25939014201376
2.03013487412499,-0.116746305737491
1.22660702114787,-0.426107184006508
-1.10864231538484,-0.399317123464327
-0.173163858162199,-0.088585176525573
0.183432854131993,0.584585141740483
0.591666742258596,0.0898713745315042
-0.838122476796719,-0.525801524247908
0.807482461664857,-0.202254902291985
-0.492459483929141,0.346673271286527
-0.288408522409361,-0.493381842037842
1.83882678956283,0.0131669350923672
-0.671516651175903,0.00920089965219281
1.09412454433704,-0.393002541081128
1.77470655834165,0.818787846633466
1.257703728626,-0.657141625527804
-1.8052970616308,0.310033476603145
0.0234978212025873,-0.0112980051789069
-0.146664407141043,-0.350665923319494
0.760108912901129,-1.39670505529256
-0.0537249436331989,1.16986291027944
0.69984454894574,0.0259634507319146
-2.10965370653243,-0.522044038428079
1.13497279627925,-0.159807771916684
0.478167522478933,0.634154430854277
0.973176386042093,-1.74377628789459
-1.0091584862203,-0.79732742478429
1.45968777699121,1.36300293504752
1.65447927590517,-0.916992081218678
-0.285334422295372,-1.59875866005599
-1.42297755107359,-1.99284204154877
-0.848931309401944,0.534316160523406
1.58298581341665,0.70747980620073
1.7241748017837,0.786291013272033
-0.69820375683193,0.920878233449245
0.0868919582652089,-0.998169447697271
0.719796588616031,0.152181031604252
-1.236880308388,1.5704157086244
1.06843158119695,0.212520568924055
1.79632540997239,0.460100466855086
-0.823826174129543,-0.647229272073355
-0.297278250226312,0.0935857404018451
0.47020460991014,-1.58810634405566
-1.40002180416806,-0.536787728603099
1.46548277281269,1.18836331260603
-2.07781404751616,1.10528995911921
-1.75685653300478,-0.015225164118517
0.296930526895068,1.08806691931485
-0.420697483636325,-1.19145117743025
-1.53803354209959,0.0260878073199736
0.220525360096539,-0.506414440264433
0.94227688547095,-1.62081416924647
1.27887306720773,-0.158168267466373
0.164553882795726,-0.737181702047824
-0.250016040677301,2.28302292413317
-1.90653300826544,-2.96708884132832
1.54729267741229,-0.528184096918084
-1.94512812797923,0.346805766460187
-0.283833742468275,-0.0412928925038286
-0.503143971232061,0.0640439122300831
-1.48010351318015,-0.0751025708643128
-0.4227984564088,0.59108040799824
-0.0611284883190705,0.000244972217747831
-0.0138462988828882,-0.164264238427966
-1.96457227215104,-1.75890913976917
-1.12509567329494,1.08241457010552
-0.579989079835519,0.961347935747078
0.450170341800146,-0.916170715957538
-1.3000798755658,1.19773745069515
0.368988368980043,0.311674583560698
-2.14274332026152,0.387560481015377
-0.330186502039845,-0.429043588271784
0.151629344927095,1.37126210170459
-0.333929097740141,-1.56099588638027
-0.463183178973272,0.511229911039254
1.29812926881969,-0.180268687145585
0.329236234670364,-0.423098580146137
-1.55661681605675,1.75773344964387
0.775234853105846,-1.7226692300071
-1.31920230744211,-0.388418634087549
-0.317693879902045,0.382205086885377
-0.0349405052464958,1.0065750847936
-0.625270975777756,1.99374600336783
-1.91544252232981,-0.890547352636446
1.54957157229903,-0.943274114132944
-1.69528534559082,0.30117806201454
-0.691013526870224,2.02514570612736
1.3364885372439,-1.06040114062258
-0.188944483411956,-0.126542126101088
0.161461316943824,1.08310743178894
0.041199815064724,0.902932253425481
-0.490523510516315,1.74337863286296
1.00158996688127,-0.482590469878039
2.90078481695272,0.381374867549873
-0.0721582870728677,-0.67370731839238
-1.61333393629207,0.418249881795642
0.850628593220879,0.317932455851714
0.429289292346271,0.808562228898924
-0.871614453020649,0.49529323441167
-1.55825227507621,0.454172734262136
0.90764249172019,1.55334765599389
0.975207468493541,-1.51610475514511
0.122503393600088,-0.75233222028063
1.39618482267187,-0.577387345181347
-1.60337143631153,-0.00601686578096999
1.09845335283736,-0.453313274293944
-0.206820580744167,-0.390448325778839
-0.815526126544497,1.27158438037025
1.09471083832211,0.0634634011466599
-0.929334213835898,-0.56693577631455
-0.533123594447468,-0.0110106107364617
1.80852435625385,-0.826411757042698
-1.55750544874718,0.107616469899405
-1.23900021803155,1.06948078653477
0.0898399174278794,-0.301370119242469
1.09180124287953,-0.570554490104665
-0.737396675148332,0.748852471719014
1.08238976100395,1.17107817365893
1.65613530376929,0.423463814257356
-0.521735031793723,-0.139311248251786
-0.617446298948226,2.02980401034782
0.0385415332738046,1.04978448532947
-0.800724832657758,0.533625152958309
0.220406388359199,0.756752809620095
0.99389958174801,-1.84329857988219
0.84359060210326,0.0720805785367317
0.265721390171814,0.980509503505261
0.556380424124864,-0.973996582606616
-1.33481601592484,-0.554026333643634
-0.16611886405673,0.138445386345343
-0.753089208689698,1.05143200219239
-0.747412828097887,0.298744740371984
-1.47743803718075,0.0703606312161537
0.183437187191461,-0.883514069435792
-0.888128682154113,-1.08018954237314
-0.517562099884096,0.866582159154531
1.33950914865133,-0.482933904271713
-1.43398787113712,-1.56484775151058
0.087692989760299,1.50802415131911
-0.777694228807513,2.29815304418859
-0.80037734178738,1.01919221488956
1.28287388348514,-0.603421721760261
-0.438596135465838,-1.4648843594534
-1.66208161949093,0.224996902274827
-0.611914152080234,-1.80364563093877
0.75451900806238,-0.101199429960668
0.510404646711991,0.0902337320682575
-0.157724178240271,-0.205492722807773
-2.52667890201674,-0.23412918185093
1.17203735563979,-0.772922219845889
-0.181527424621536,1.54765687957652
0.196014188887304,0.713497053577706
0.571835364101808,0.0181542753934095
1.33942048596475,-0.447838324069262
0.489545627843841,-1.27808756755418
1.9521112745701,0.0633789298413669
-0.426579601951643,0.689287610164228
0.910017393119125,0.129090026134408
1.58837935207572,-0.877989384202603
-1.69379082565543,1.83897082881257
-1.10984602098904,-0.497189030181166
0.418911769008438,0.939695016885657
0.0236178053963418,1.61588194748309
1.33956741164393,1.34957227254957
-0.579529816663031,0.669521275446356
0.66308471737115,-1.30466722616998
-0.25926924300135,-0.220658090884919
0.486551698726237,0.682996809677859
1.29940346808049,-0.989509710520592
-2.70839055430499,1.38179020257404
0.0617369248274754,0.939439651832966
0.634265857771546,0.161310090314021
-0.875354800032813,1.04734577626436
-0.372719075356601,-0.381243165572076
0.430893339479596,0.212093129660878
1.49647456208844,-0.974250418153442
-0.354284410600463,-0.443844930956766
0.525633346644599,-1.76207062655778
0.450527970484539,0.193681732118842
-0.847839465238731,-0.63719477594585
-1.13046765160718,-0.936830663295334
0.803064629765269,-1.26501833244037
0.770307741426822,0.8182593335172
1.02332337813733,1.25742184936051
-0.812143388894266,0.310001731372479
0.942327346518375,0.428906935108194
-0.339594346954566,0.0742438608656145
-0.425322195664061,0.507158908611614
-0.244787535653115,-0.39502715028649
1.02534465102632,0.161463016124804
-2.10000963749348,-0.576474721731423
0.741664508035319,0.862452315226698
0.487257991378007,-0.71761560116569
-0.165834490308215,-1.90480620221061
1.0892603531691,-0.0356991274157265
-0.587516114559372,-1.01904307646301
-1.42160532183487,-0.0644232654713523
-0.561434643002888,-1.31644263382306
0.469595180347234,2.21698911568585
0.573487039081063,0.393828687222295
-0.362544602421155,2.29506246867987
-0.798594090078744,0.524676800969369
-0.823010709948038,0.693660805751854
1.39678265596895,1.02439571398575
0.739526066902752,-1.90963737409172
0.778071694237731,0.316316072234897
-0.0441755943313325,0.949679265465284
-1.14392468662279,-0.526959662584611
0.443356236901009,-0.772288160048451
0.621869426945634,-1.16204851306512
-1.57039597188176,0.531384060245489
-0.742106113533708,-1.03590662502014
0.0155713899826375,-0.934090925708611
0.226577101872979,0.827422045566245
-1.72799903228184,-0.0340997073150209
0.093225610683797,-0.646970394370246
-0.416909529961346,0.182062636135899
0.11832850324048,1.15700028471206
0.0297520482118137,1.84756203530896
2.00583910808689,0.66414830502038
2.11041120921514,-0.198038452941444
-0.339368823016953,1.61305075632478
-0.826747532451624,-1.02501695290882
-1.34317005119005,-0.0298828835989365
-0.775452165676109,-1.08611119625032
0.252823040367616,1.2369585784256
-1.30948327924924,-0.589072436689362
0.0297083065878806,-0.545472721890891
-0.022204608598217,-0.610549499112087
-0.781795575022381,2.1802040492822
-0.614572626073001,0.772921686418867
1.14555390080794,-0.647776743707271
-0.422054849681851,1.59052164471146
0.198638687009654,-0.315887879025452
0.267564342206106,1.32393617194675
-1.32317281055618,-0.793964220571774
1.8708362410084,0.05903981714777
0.680987714811619,0.117119274487231
1.65831684991113,0.757434273249276
-0.484360370892679,0.326652804606211
-2.59258252174093,-0.722135992132723
-0.133860888580097,-0.63330008038938
-0.512383591657979,-0.184722319044993
-0.17066188777196,2.10705499628073
-0.803253177825577,0.674607945261247
-0.226019780662665,-1.99267379612941
-1.43626306495921,0.0721510799854842
1.31888161426251,-0.982221256924741
-1.16075064673744,1.12358105870859
-0.0357415582949569,0.103645744539663
-0.961079357148429,-0.78546204132867
1.58832856200767,1.26501802033068
-0.510544515254293,0.255645526761202
1.29898768979688,-0.248556713152645
-1.03071387045463,-1.03461401828175
-0.18639988349409,0.0851539450346874
-0.611781580441276,-1.61593823596472
-1.72676801914577,0.105501308127942
-0.580729329572514,0.0248248551417626
0.755236171706793,0.785765085846346
-1.5831668078616,1.7666709038262
0.840184255526011,1.51065994868198
-0.468080913757607,-0.13882246234488
-0.171413588052637,-1.65637370909183
0.322065674150848,0.419070153160394
-1.40178006386538,0.212746427004991
-0.193040703804807,-1.79868296781571
-0.16129671002409,-0.261051793730719
0.0845651420672321,-0.68741716981907
-0.251164726596079,-1.50759782934717
0.303622856925782,1.38134877261448
1.61564274377244,1.32609797309528
-1.20039127858311,-0.378728830873809
-1.20195048315474,-0.340029598133632
0.935106169031863,-0.315600774197153
-1.04765093965864,-2.24690902300767
-1.01009413318409,1.40094965253704
-0.799279610778272,0.355863912897413
0.572189277150872,0.0856953170580695
-1.71098533947558,-1.46013911309143
-0.168315372722925,1.76559845772577
-0.262290446041315,-0.040134849004875
0.861328897350264,0.0226625338986484
-1.23376726681086,-0.491350881287967
0.660958789721349,-1.20447051175767
-0.730222092584484,0.882563897409275
1.21469448968208,-0.219233659885662
-0.53131862659063,-1.06656794997039
0.234524817421417,1.063128092991
-0.427105040747336,-0.351000889522168
-0.160234380791353,-0.741678866693193
0.588866419390226,0.961230213971453
-0.429387388187557,-1.9741987497405
-2.12539236012043,1.00635035906425
-1.68581605570015,-0.123976836018507
1.8710552192582,0.405158419644889
-0.00560466972053958,-0.41644228739302
1.33938163598966,0.756810492757493
-1.52405109520766,-0.423721494248937
0.196495938795992,0.835418151349449
0.0295763752226409,-0.723337724004706
-0.515247227759203,0.0773111108766783
0.128701798971813,1.26070643959256
0.32203912108504,-0.597915378399267
-0.226345309209823,-0.149249700423678
0.995327961771496,1.7724342627355
-0.94662803786321,0.505517376352281
-0.430515630797389,0.00699692061766902
-0.257255429589931,-0.455510873899608
1.19174085988004,-0.450202523061289
-1.70055846517914,0.497229213238283
-0.765333627433378,-1.25581068471499
-1.28240516185357,0.972870912161468
0.268783581037301,0.583132319033507
-0.198450601410386,1.22610697012629
0.783516224721583,-0.263043993704671
-1.30548330476592,-0.579782432922414
0.78619836041934,-0.316660510967165
-0.531268824268092,-1.31552090761606
-0.929379605414145,1.19733322624468
-0.845119280347446,0.462573489594889
1.11723438480922,0.0660425496775812
0.344314247897853,0.696629243784972
0.521488546943244,1.19020109176571
-0.560729502121935,0.398621088993055
-0.257564199209709,0.0992911588134525
-0.0773683924076817,-0.566576908138254
1.34596879950849,-2.0940522343822
0.360329820905146,0.680329925338306
0.662815822173759,0.3685238443395
-0.252702615128175,1.57105834345899
0.786910909792279,-1.56591597844413
1.8513863022155,0.423971869836843
0.982258915975398,-0.0673722816761183
-1.12532259831782,-0.463864894384064
-0.633392047407597,0.897974689154014
-1.71673850910109,0.649503310850272
0.876033325090316,0.41614210117522
-0.660256700246579,0.191111989368463
2.07130551798453,0.646043245234438
-1.23511629206388,-0.530451917321694
-0.572258912038093,-0.159497536036108
1.06001748280426,-0.536770123052121
-0.240872013997739,-0.0569452192570158
1.9625661374665,0.335336612339108
0.357193622202356,0.33246915886678
-0.814584136954925,0.838601949257298
1.40778066953507,0.734243753581209
0.559133275433266,0.779222404759891
0.871574902629305,0.588153131746304
1.75501855354161,0.377245784268152
-0.150346436141736,-0.585555092802684
0.61798121860347,0.0707268596300717
-1.01686291228611,-0.794861465071923
0.0993037174531403,-0.486164683274924
-0.311109091300727,-0.0101450798218608
-0.354309712217224,-1.32797130521754
0.581216701995268,0.100330034651768
0.228396796386405,0.859111177784016
0.060176120519852,-0.334524322347929
0.0295207598157206,0.86014399994486
-0.969410954509233,-0.403728329978893
-0.226265712878183,-1.50894263296586
-1.43264498699592,-0.713537524288843
0.660862172753088,0.541610739394702
-0.449801581707082,0.086364051740785
0.210170657548749,0.822093974323262
0.398938188729286,0.377612171350111
-0.389853106591944,-0.240932513802718
-0.0602297653122389,0.0390941841299176
0.92367833713107,0.429208279626824
-0.360091040394641,0.130452967425743
0.0744265882053811,-0.38805923913448
0.225099315410615,-0.28804912361962
-0.442893123759427,-0.378353539401987
0.448697001437083,0.70037749547595
-0.780890468911361,1.22231355965776
0.362345171832437,-0.544954278430658
1.09607243501389,-0.0671852539589129
-0.712006834142536,-1.12918882848654
0.737105635150654,-1.16767196502806
0.00422212402582074,0.0664626940821503
-2.27862467804589,-0.243749101185069
0.153279419049073,1.13979722344805
0.437426532184565,-1.68980384394753
0.446962902276947,-1.34373224163174
1.48473254191587,-0.937885294575694
0.360237359175001,-1.26623176523442
1.45548644085904,-0.704498247785829
-0.70735543296172,0.39935857907875
1.44349556195226,-0.931456949379444
-2.81035764684321,0.0784459173050565
0.733089970766248,-0.0930248409718926
-1.35597399321505,-0.136950084220745
-0.33265370013112,-0.112289674232794
-0.437352367370363,0.62355014440594
-1.25083073726698,1.05986909100236
-1.55111129357403,-3.98514049602148
0.237079147171424,0.771803586056168
0.220037833240534,-0.8619862008949
1.18499189973351,-0.745289805494592
0.548545350061491,-0.990631642624958
1.1362478713075,-0.858617298685675
-0.132395391721284,1.87480498614743
-1.5257874371963,0.308135720594017
1.56853281074157,-0.927090154518757
-0.226107765652633,-0.310903411326946
-1.08894298023331,-0.325395514857246
0.0241296504336981,-0.753802750550622
-0.715653957882394,0.428264010892114
3.09067086431942,2.00291164251267
0.714584917628985,-0.0132311742064979
-0.182847048504932,-0.669684683804842
0.887806769818889,-0.355880794937593
-0.382014108583782,-0.364148423168661
0.58864954917712,0.302874199982581
-1.35372521374824,1.14909496739664
1.03136039934111,2.00449315297522
0.778325993512352,-1.55576407143463
0.499986777080684,1.06161059802996
0.473417357322101,0.66937991218047
0.469588096524746,0.506921676464612
-0.000964775099801862,-0.803038711575529
-0.896311992001366,-1.18363035429188
0.546859833061805,2.22805533092254
0.604644758098988,0.979835118386835
-2.03105534994787,1.02548047968777
-2.62038336334219,-0.0462803279109266
0.0488186735410013,-0.0867337699644515
0.0304740958935529,-2.21675167367302
0.546962053353089,0.628362863494144
-0.320597434725248,0.264062929941392
-1.33495437028824,-0.0480985784260626
0.311751472540451,-0.849392738151076
0.460467954234683,-0.850324084282616
0.179739543759086,-0.263323583901561
-1.89197216458352,-1.29006275072391
-0.496415289198494,0.157224960593044
1.94940182877964,-1.10023293216581
-0.93402324449048,-1.07848713075442
1.75299835848556,0.241498088294711
0.343175855364354,0.743472248805956
-2.42844798731132,-0.241675270340458
-0.405120947936164,0.359643066247442
2.02278861870717,0.466289481840368
0.648586535357637,-0.143096792241857
0.956294697910125,-0.195247020120295
-0.311055802503565,-0.120062629867347
0.86677858251496,0.0743516533150801
-0.352173417605735,0.621757260094524
